<?xml version="1.0" encoding="UTF-8"?>
<project-private xmlns="http://www.netbeans.org/ns/project-private/1">
    <editor-bookmarks xmlns="http://www.netbeans.org/ns/editor-bookmarks/2" lastBookmarkId="0"/>
    <open-files xmlns="http://www.netbeans.org/ns/projectui-open-files/2">
        <group>
            <file>file:/C:/Users/alexi/OneDrive/Clases/Documentos/GitHub/EIN080B/02.Laboratorios/LAB4/src/clases/Vehiculo.java</file>
            <file>file:/C:/Users/alexi/OneDrive/Clases/Documentos/GitHub/EIN080B/02.Laboratorios/LAB4/src/clases/Minibus.java</file>
            <file>file:/C:/Users/alexi/OneDrive/Clases/Documentos/GitHub/EIN080B/02.Laboratorios/LAB4/src/clases/Automovil.java</file>
            <file>file:/C:/Users/alexi/OneDrive/Clases/Documentos/GitHub/EIN080B/02.Laboratorios/LAB4/src/ui/Main.java</file>
            <file>file:/C:/Users/alexi/OneDrive/Clases/Documentos/GitHub/EIN080B/02.Laboratorios/LAB4/src/clases/Arriendo.java</file>
            <file>file:/C:/Users/alexi/OneDrive/Clases/Documentos/GitHub/EIN080B/02.Laboratorios/LAB4/src/clases/Registro.java</file>
        </group>
    </open-files>
</project-private>
